
{
    "coord": {
        "lon": -89.845,
        "lat": 13.9214
    },
    "weather": [
        {
            "id": 800,
            "main": "Clear",
            "description": "cielo claro",
            "icon": "01d"
        }
    ],
    "base": "stations",
    "main": {
        "temp": 299.26,
        "feels_like": 299.26,
        "temp_min": 299.26,
        "temp_max": 299.26,
        "pressure": 1016,
        "humidity": 40,
        "sea_level": 1016,
        "grnd_level": 926
    },
    "visibility": 10000,
    "wind": {
        "speed": 2.1,
        "deg": 32,
        "gust": 3.2
    },
    "clouds": {
        "all": 1
    },
    "dt": 1675095979,
    "sys": {
        "type": 1,
        "id": 7209,
        "country": "SV",
        "sunrise": 1675081625,
        "sunset": 1675123083
    },
    "timezone": -21600,
    "id": 3587426,
    "name": "Ahuachapán",
    "cod": 200
}
