
{
    "coord": {
        "lon": -88.9333,
        "lat": 14.0333
    },
    "weather": [
        {
            "id": 800,
            "main": "Clear",
            "description": "cielo claro",
            "icon": "01d"
        }
    ],
    "base": "stations",
    "main": {
        "temp": 300.57,
        "feels_like": 300.7,
        "temp_min": 300.57,
        "temp_max": 302.36,
        "pressure": 1016,
        "humidity": 46,
        "sea_level": 1016,
        "grnd_level": 972
    },
    "visibility": 10000,
    "wind": {
        "speed": 1.47,
        "deg": 269,
        "gust": 1.96
    },
    "clouds": {
        "all": 1
    },
    "dt": 1675096085,
    "sys": {
        "type": 1,
        "id": 7219,
        "country": "SV",
        "sunrise": 1675081415,
        "sunset": 1675122855
    },
    "timezone": -21600,
    "id": 3587091,
    "name": "Chalatenango",
    "cod": 200
}
