
{
    "coord": {
        "lon": -88.1833,
        "lat": 13.4833
    },
    "weather": [
        {
            "id": 802,
            "main": "Clouds",
            "description": "nubes dispersas",
            "icon": "03d"
        }
    ],
    "base": "stations",
    "main": {
        "temp": 301.57,
        "feels_like": 301.52,
        "temp_min": 301.57,
        "temp_max": 301.57,
        "pressure": 1015,
        "humidity": 44,
        "sea_level": 1015,
        "grnd_level": 1001
    },
    "visibility": 10000,
    "wind": {
        "speed": 1.11,
        "deg": 3,
        "gust": 1.96
    },
    "clouds": {
        "all": 25
    },
    "dt": 1675091366,
    "sys": {
        "country": "SV",
        "sunrise": 1675081191,
        "sunset": 1675122719
    },
    "timezone": -21600,
    "id": 3583446,
    "name": "San Miguel",
    "cod": 200
}
