{
    "coord": {
        "lon": -89.1872,
        "lat": 13.6894
    },
    "weather": [
        {
            "id": 800,
            "main": "Clear",
            "description": "cielo claro",
            "icon": "01d"
        }
    ],
    "base": "stations",
    "main": {
        "temp": 300.02,
        "feels_like": 300.68,
        "temp_min": 299.07,
        "temp_max": 300.86,
        "pressure": 1017,
        "humidity": 54
    },
    "visibility": 10000,
    "wind": {
        "speed": 3.6,
        "deg": 350
    },
    "clouds": {
        "all": 0
    },
    "dt": 1675095874,
    "sys": {
        "type": 2,
        "id": 2016335,
        "country": "SV",
        "sunrise": 1675081448,
        "sunset": 1675122943
    },
    "timezone": -21600,
    "id": 3583361,
    "name": "San Salvador",
    "cod": 200
}
