
{
    "coord": {
        "lon": -89.7242,
        "lat": 13.7189
    },
    "weather": [
        {
            "id": 800,
            "main": "Clear",
            "description": "cielo claro",
            "icon": "01d"
        }
    ],
    "base": "stations",
    "main": {
        "temp": 304.34,
        "feels_like": 303.89,
        "temp_min": 304.34,
        "temp_max": 304.34,
        "pressure": 1015,
        "humidity": 37,
        "sea_level": 1015,
        "grnd_level": 988
    },
    "visibility": 10000,
    "wind": {
        "speed": 0.83,
        "deg": 22,
        "gust": 2.24
    },
    "clouds": {
        "all": 1
    },
    "dt": 1675093978,
    "sys": {
        "country": "SV",
        "sunrise": 1675081580,
        "sunset": 1675123070
    },
    "timezone": -21600,
    "id": 3583102,
    "name": "Sonsonate",
    "cod": 200
}
